Size\Density, 20%, 33%, 50%
80,13.421773,13.421773,13.421773
160,13.421773,13.421773,20.13266
320,33.554432,46.976204,53.68709
640,161.06128,174.48306,818.72815
